{"cameraMode":{"drawMode":0,"name":"Shaded","section":"Shading Mode"},"sceneLighting":true,"audioPlay":false,"sceneViewState":{"m_AlwaysRefresh":false,"showFog":true,"showSkybox":false,"showFlares":true,"showImageEffects":true,"showParticleSystems":true,"showVisualEffectGraphs":true,"m_FxEnabled":true},"in2DMode":false,"pivot":{"x":-3.431185245513916,"y":2.8598594665527345,"z":-1.6767692565917969},"rotation":{"x":0.32182660698890688,"y":0.45493045449256899,"z":-0.18065093457698823,"w":0.8104514479637146},"size":28.84931182861328,"orthographic":false}